"%1 root categories were skipped, they cannot be deleted here.","%1 root categories were skipped, they cannot be deleted here."
"A total of %1 record(s) have been deleted.","A total of %1 record(s) have been deleted."
"Admin Grid Example","Admin Grid Example"
"Are you sure you want to delete selected items?","Are you sure you want to delete selected items?"
"Delete","Delete"
"Delete items","Delete items"
"ID","ID"
"Name","Name"
"Path","Path"
"The category with ID %1 could not be deleted.","The category with ID %1 could not be deleted."
"View Category Tree","View Category Tree"
"View on Frontend","View on Frontend"
