"Add New","Add New"
"Are you sure you want to do this?","Are you sure you want to do this?"
"Back","Back"
"content static text","content static text"
"Delete Object","Delete Object"
"Edit","Edit"
"Error removing object","Error removing object"
"Error saving object","Error saving object"
"Form Data","Form Data"
"ID","ID"
"Message from the Greeting view model","Message from the Greeting view model"
"Object Information","Object Information"
"Object with id ""%1"" does not exist.","Object with id ""%1"" does not exist."
"Reset","Reset"
"Save and Continue Edit","Save and Continue Edit"
"Save Object","Save Object"
"Something went wrong while deleting the object.","Something went wrong while deleting the object."
"Something went wrong while saving the data.","Something went wrong while saving the data."
"Title","Title"
"We can not find an object to delete.","We can not find an object to delete."
"You have deleted the object.","You have deleted the object."
"You saved the thing.","You saved the thing."
