"Custom Email send","Custom Email send"
"Custom Email Template","Custom Email Template"
"Custom Email template from %store_name","Custom Email template from %store_name"
"Email Setting","Email Setting"
"Email Tabs","Email Tabs"
"Email template chosen based on theme fallback when ""Default"" option is selected.","Email template chosen based on theme fallback when ""Default"" option is selected."
"Enabled","Enabled"
"Hello %name","Hello %name"
"Product failed email sender","Product failed email sender"
"Your Comments","Your Comments"
