"Accepted","Accepted"
"At least one status is required.","At least one status is required."
"Could not save the ERP status.","Could not save the ERP status."
"ERP Status","ERP Status"
"ERP Status History","ERP Status History"
"ERP Synchronization Status","ERP Synchronization Status"
"ERP order: %1","ERP order: %1"
"ERP status with id ""%1"" does not exist.","ERP status with id ""%1"" does not exist."
"Error","Error"
"Item %1: ""%2"" is longer than %3 characters.","Item %1: ""%2"" is longer than %3 characters."
"Item %1: ""%2"" is required.","Item %1: ""%2"" is required."
"Item %1: status ""%2"" is not one of: %3.","Item %1: status ""%2"" is not one of: %3."
"New","New"
"Order ""%1"" does not exist.","Order ""%1"" does not exist."
"Rejected","Rejected"
"Synchronized","Synchronized"
"The ERP has not sent a status for this order yet.","The ERP has not sent a status for this order yet."
"Waiting","Waiting"
