"A row has an invalid condition, nothing has been changed.","A row has an invalid condition, nothing has been changed."
"Actions","Actions"
"Add Row","Add Row"
"Condition","Condition"
"Dynamic Rows","Dynamic Rows"
"Equal","Equal"
"GreaterThan","GreaterThan"
"ID","ID"
"No rows were submitted, nothing has been changed.","No rows were submitted, nothing has been changed."
"Rows have been saved successfully","Rows have been saved successfully"
"Save Rows","Save Rows"
"Something went wrong while saving the rows.","Something went wrong while saving the rows."
"Value","Value"
